{"Grass":98.73405003516528,"GrassEater":0.0401888877725309,"Gishatich":0,"Unknown":0.4621722093841053,"zavod":0.07033055360192907,"bomb":0.44207776549783984,"Virus":0,"RoboHunter":0.25118054857831806}